LINEA;CAF;NOMBRE MOMENTANEO;CIUDAD;DEPARTAMENTO;FO DIA ACTUAL;ÁREA TOTAL;AREA REQUERIDA;ÁREA SALA DE ESPERA;Sala Espera;ÁREA ALMACENAMIENTO;No CAJAS;Modulos Front - Hoy;No CAJAS HOLGURA;CAPACIDAD SALA DE ESPERA;Sillas;CANON;CANON X FO;CANON X M2;CONSORCIO;CAPACIDAD;HOLGURA
AMB;CAF 4;LISBOA (APERTURA);BOGOTA;CUNDINAMARCA;2287;454;341,36;146;186,62;263;18;14;0;126;188; $ 29.233.514 ; $ 12.781 ; $ 64.391 ;NO;1800;-487
AMB;CAF 5;PATIA;SOLEDAD;ATLANTICO;2004;508;366,79;198,5;207,27;187,64;15;16;4;140;209; $ 24.227.536 ; $ 12.089 ; $ 47.692 ;NO;1500;-504
AMB;CAF 6;SAF EL ENCANTO ;BOGOTA;CUNDINAMARCA;1573;617,39;382,02;161,91;219,65;253;19;17;0;76;222; $ -   ; $ -   ; $ -   ;SI;1900;327
AMB;CAF 7;POLICLINICO;CARTAGENA;BOLIVAR;1985;209;342,82;113;187,80;87,3;13;15;0;76;189; $ 15.541.658 ; $ 7.828 ; $ 74.362 ;NO;1300;-685
AMB;CAF 8;CALLE 30;SOACHA;CUNDINAMARCA;1980;218,93;282,75;89,03;161,23;107,34;14;14;0;69;69; $ 28.762.401 ; $ 14.529 ; $ 131.377 ;NO;1400;-580
AMB;CAF 9;NOVA;VALLEDUPAR;CESAR;1674;362,5;298,80;115,3;152,04;148;11;12;2;94;152; $ 28.724.265 ; $ 17.158 ; $ 79.239 ;NO;1100;-574
AMB;CAF 10;LA HEROICA;MEDELLIN;ANTIOQUIA;0;145;360,52;37,36;202,18;101,8;9;9;0;25;204; $ 20.402.898 ; $ -   ; $ 140.710 ;NO;900;900
AMB;CAF 11;SOACHA;CARTAGENA;BOLIVAR;1663;166;354,92;45,13;197,63;80,4;8;15;0;36;199; $ 6.090.816 ; $ 3.663 ; $ 36.692 ;NO;800;-863
AMB;CAF 12;CENTRO LOPERENA;BOGOTA;CUNDINAMARCA;2005;357;332,18;196,01;179,16;100,79;13;13;0;176;44; $ 13.498.754 ; $ 6.733 ; $ 37.812 ;NO;1300;-705
AMB;CAF 13;CENTRO MEDELLIN;BARRANQUILLA;ATLANTICO;1382;248;362,64;95,7;203,91;113,53;11;16;0;88;206; $ 8.683.650 ; $ 6.281 ; $ 35.015 ;NO;1100;-282
AMB;CAF 14;PROVIDENCIA;MEDELLIN;ANTIOQUIA;1683;341,9;260,23;144,62;83,24;172,11;16;6;0;104;81; $ 6.947.200 ; $ 4.128 ; $ 20.319 ;NO;1600;-83
AMB;CAF 15;PLAZA DE LAS AMERICAS (SAO);IBAGUE;TOLIMA;1485;353,13;333,19;103,13;179,97;180,44;16;18;2;104;181; $ 12.603.563 ; $ 8.488 ; $ 35.691 ;NO;1600;115
AMB;CAF 16;PLAZA SEVILLA;BUCARAMANGA;SANTANDER;136;406,42;337,44;182,97;183,43;158,01;14;14;2;166;184; $ 19.546.491 ; $ 143.925 ; $ 48.094 ;NO;1400;1264
AMB;CAF 17;PUNTO DE LA ORIENTAL;SANTA MARTA;MAGDALENA;1194;611;305,59;54,4;139,75;73,8;9;11;0;34;140; $ 18.140.590 ; $ 15.194 ; $ 29.690 ;NO;900;-294
AMB;CAF 18;COMBEIMA;BOGOTA;CUNDINAMARCA;1846;441,06;484.7;105,79;195,81;124,13;10;10;0;40;197; $ 7.417.052 ; $ 4.017 ; $ 16.816 ;NO;1000;-846
AMB;CAF 19;CABECERA;BELLO;ANTIOQUIA;1525;361;288,61;130,55;143,76;197,82;12;12;3;108;144; $ 15.000.000 ; $ 9.839 ; $ 41.551 ;NO;1200;-325
AMB;CAF 20;TAYRONA;PEREIRA;RISARALDA;1005;201,87;336,88;80,79;182,98;95,51;9;14;0;76;184; $ 8.467.437 ; $ 8.424 ; $ 41.945 ;NO;900;-105
AMB;CAF 21;RESTREPO BOGOTA;BOGOTA;CUNDINAMARCA;1087;228,76;247,96;79;110,72;137,39;10;10;0;30;110; $ 14.730.085 ; $ 13.549 ; $ 64.391 ;NO;1000;-87
AMB;CAF 22;BELLO;BARRANQUILLA;ATLANTICO;1472;446,12;257,70;228,6;118,64;203,4;15;9;2;124;118; $ 17.486.890 ; $ 11.880 ; $ 39.198 ;NO;1500;28
AMB;CAF 23;CIUDAD PEREIRA;BOGOTA;CUNDINAMARCA;1540;444,86;350,21;164,82;193,81;197,5;19;15;0;103;28; $ 7.560.850 ; $ 4.908 ; $ 16.996 ;NO;1900;360
AMB;CAF 24;BOGNUESTRO;BOGOTA;CUNDINAMARCA;691;116,5;290,63;25;145,39;49;7;11;0;25;145; $ 26.016.100 ; $ 37.666 ; $ 223.314 ;NO;700;9
AMB;CAF 25;ALKARAWI;CALI;VALLE DEL CAUCA;0;308,14;276,29;139,34;124,28;103,27;13;10;1;132;124; $ 26.273.251 ; $ -   ; $ 85.264 ;NO;1300;1300
AMB;CAF 26;SUBA;DOSQUEBRADAS;RISARALDA;1324;192,02;127,14;73,12;52,67;105,11;7;3;0;73;50; $ 9.993.500 ; $ 7.550 ; $ 52.044 ;NO;700;-624
AMB;CAF 27;PRIMAVERA;BARRANQUILLA;ATLANTICO;1091;252,85;265,76;56,39;125,19;60,5;10;9;0;32;125; $ 3.578.032 ; $ 3.281 ; $ 14.151 ;NO;1000;-91
AMB;CAF 28;VILLA COLOMBIA;IBAGUE;TOLIMA;0;180,73;263,41;65;123,28;72;4;4;0;36;123; $ 15.000.000 ; $ -   ; $ 82.997 ;NO;400;400
AMB;CAF 29;EL PROGRESO;CALI;VALLE DEL CAUCA;0;706,28;294,88;271,2;148,85;195,53;17;17;4;116;149; $ 8.577.407 ; $ -   ; $ 12.144 ;NO;1700;1700
AMB;CAF 30;CARIBE;ARMENIA;QUINDIO;665;390;344,55;81,95;107,27;111,77;13;8;2;103;106; $ 16.949.340 ; $ 25.498 ; $ 43.460 ;NO;1300;635
AMB;CAF 31;LA PLATA;PASTO;NARIÑO;3;363;86,18;149,19;36,47;120,74;12;12;0;83;21; $ 7.830.901 ; $ 2.411.185 ; $ 21.573 ;NO;1200;1197
AMB;CAF 32;ALTAVILLA;BOGOTA;CUNDINAMARCA;1118;465,96;256,80;89,29;117,91;106,38;12;9;0;36;117; $ 16.143.000 ; $ 14.443 ; $ 34.645 ;NO;1200;82
AMB;CAF 33;ALTAMIRA;MEDELLIN;ANTIOQUIA;1187;316,12;371,38;109,41;114,91;178,68;10;8;5;100;114; $ 16.500.000 ; $ 13.899 ; $ 52.195 ;NO;1000;-187
AMB;CAF 34;MONACO;CARTAGENA;BOLIVAR;1049;138;252,88;52,12;114,73;70,93;11;8;0;54;114; $ 18.917.600 ; $ 18.031 ; $ 137.084 ;NO;1100;51
AMB;CAF 35;ILARCO;GIRARDOT;CUNDINAMARCA;1048;355,6;271,36;128,8;129,74;163,5;12;10;2;97;129; $ 15.292.600 ; $ 14.594 ; $ 43.005 ;NO;1200;152
AMB;CAF 36;LAURELES;CALI;VALLE DEL CAUCA;1056;356;246,28;97;109,36;123;11;8;0;48;108; $ 17.568.000 ; $ 16.640 ; $ 49.348 ;NO;1100;44
AMB;CAF 37;PIE DEL CERRO;IBAGUE;TOLIMA;841;104,05;259,49;34,81;120,10;44,67;4;9;0;24;119; $ 12.079.798 ; $ 14.370 ; $ 116.096 ;NO;400;-441
AMB;CAF 38;GIRARDOT;BARRANQUILLA;ATLANTICO;983;201,24;230,00;71,5;96,95;111,8;7;7;2;56;24; $ 10.367.885 ; $ 10.547 ; $ 51.520 ;NO;700;-283
AMB;CAF 39;ROOSVELT;BOGOTA;CUNDINAMARCA;888;88,16;263,54;27,96;116,27;51,85;7;9;0;20;115; $ 13.856.572 ; $ 15.598 ; $ 157.175 ;NO;700;-188
AMB;CAF 40;LA MACARENA;ITAGUI;ANTIOQUIA;897;326;259,04;120,92;119,73;104,78;10;9;0;92;119; $ 5.712.747 ; $ 6.370 ; $ 17.524 ;NO;1000;103
AMB;CAF 41;SAF MOKANA;CALI;VALLE DEL CAUCA;439;427,38;288,31;84,55;130,11;64,8;12;12;2;84;130; $ -   ; $ -   ; $ -   ;SI;1200;761
AMB;CAF 42;VERONA;BOGOTA;CUNDINAMARCA;850;244,22;249,38;109,77;106,63;120,83;12;12;0;112;105; $ 4.827.326 ; $ 5.677 ; $ 19.766 ;NO;1200;350
AMB;CAF 43;ITAGUI;MANIZALES;CALDAS;0;403,25;244,60;134,6;107,99;130,39;8;8;1;80;107; $ 13.574.400 ; $ -   ; $ 33.662 ;NO;800;800
AMB;CAF 44;SAN MARINO;PEREIRA;RISARALDA;573;208,42;293,13;83,76;92,61;117,52;10;7;0;64;91; $ 11.512.000 ; $ 20.102 ; $ 55.235 ;NO;1000;427
AMB;CAF 45;VALENCIA;IBAGUE;TOLIMA;1026;89,95;276,29;44,15;128,65;37,82;5;10;0;24;128; $ 11.000.000 ; $ 10.723 ; $ 122.290 ;NO;500;-526
AMB;CAF 46;PLAZA 51;PEREIRA;RISARALDA;4;545,36;256,58;148,11;117,73;158,09;15;9;0;71;117; $ 11.512.000 ; $ 3.057.227 ; $ 21.109 ;NO;1500;1496
AMB;CAF 47;MEGACENTRO;BOGOTA;CUNDINAMARCA;0;190;241,68;70,44;105,63;61,01;7;8;0;47;104; $ 14.120.112 ; $ -   ; $ 74.316 ;NO;700;700
AMB;CAF 48;VARSOVIA;MANIZALES;CALDAS;0;295;252,44;122;114,36;131;8;8;2;108;113; $ 8.657.955 ; $ -   ; $ 29.349 ;NO;800;800
AMB;CAF 49;OTUN;MONTERIA;CORDOBA;474;307,15;246,83;85,33;109,81;125,31;9;8;0;44;27,25; $ 2.079.666 ; $ 4.391 ; $ 6.771 ;NO;900;426
AMB;CAF 50;CHICO;PEREIRA;RISARALDA;782;148,89;244,82;49,42;108,18;56,15;8;8;0;36;107; $ 26.929.502 ; $ 34.451 ; $ 180.868 ;NO;800;18
AMB;CAF 51;BELLAVISTA;BOGOTA;CUNDINAMARCA;934;103;247,06;32,1;110,00;55,14;5;8;0;32;109; $ 6.000.000 ; $ 6.424 ; $ 58.252 ;NO;500;-434
AMB;CAF 52;SAF MONTERIA;POPAYAN;CAUCA;2;205,85;267,44;52,01;126,56;69,41;11;9;2;36;126; $ -   ; $ -   ; $ -   ;SI;1100;1098
AMB;CAF 53;EL LAGO;BOGOTA;CUNDINAMARCA;0;221,46;237,20;99,05;101,99;94,83;8;8;0;76;101; $ 4.260.000 ; $ -   ; $ 19.236 ;NO;800;800
AMB;CAF 54;MARLY;IBAGUE;TOLIMA;1092;211,4;247,28;49,98;110,18;102,39;7;8;0;30;109; $ 2.886.687 ; $ 2.644 ; $ 13.655 ;NO;700;-392
AMB;CAF 55;CENTRO HISTORICO;MANIZALES;CALDAS;110;354;254,00;102;115,64;209;10;12;2;102;23; $ 10.389.546 ; $ 94.114 ; $ 29.349 ;NO;1000;890
AMB;CAF 56;LOURDES;PEREIRA;RISARALDA;481;153,75;228,31;29,08;94,89;38,63;6;7;1;40;93; $ 12.000.000 ; $ 24.963 ; $ 78.049 ;NO;600;119
AMB;CAF 57;CADIZ;SANTA MARTA;MAGDALENA;901;180,77;239,22;68,82;103,63;30,03;9;8;3;62;102; $ 5.367.061 ; $ 5.956 ; $ 29.690 ;NO;900;-1
AMB;CAF 58;IBIZA;BARRANQUILLA;ATLANTICO;1006;63,23;449,25;24,75;84,15;36,15;5;6;0;25;82; $ 10.000.000 ; $ 9.943 ; $ 158.153 ;NO;500;-506
AMB;CAF 59;SAN FERNANDO;ANTIOQUIA;ANTIOQUIA;1533;347,45;244,82;179,41;108,18;94,77;14;14;2;106;107; $ 7.822.772 ; $ 5.105 ; $ 22.515 ;NO;1400;-133
AMB;CAF 60;AVENIDA QUINTA;PEREIRA;RISARALDA;836;381;326,67;73;102,17;179,33;10;7;0;48;101; $ 9.793.658 ; $ 11.712 ; $ 25.705 ;NO;1000;164
AMB;CAF 61;SEVILLANA;BOGOTA;CUNDINAMARCA;805;128,8;252,77;53,15;114,64;69,85;6;6;0;32;114; $ 7.800.000 ; $ 9.692 ; $ 60.559 ;NO;600;-205
AMB;CAF 62;ABURRA;COROZAL;SUCRE;533;265;238,05;34;96,53;78;8;8;0;33;95; $ 19.980.000 ; $ 37.519 ; $ 75.396 ;NO;800;267
AMB;CAF 63;PEREIRA ESPECIALIZADO MAC;VALLEDUPAR;CESAR;802;116,86;216,19;34,27;87,88;64,86;5;6;0;24;86; $ 7.537.133 ; $ 9.397 ; $ 64.497 ;NO;500;-302
AMB;CAF 64;CANDELARIA;BOGOTA;CUNDINAMARCA;730;124,19;221,52;45,71;89,25;44,35;8;6;0;32;88; $ 7.639.318 ; $ 10.462 ; $ 61.513 ;NO;800;70
AMB;CAF 65;COROZAL;SOLEDAD;ATLANTICO;750;251,82;228,58;123,44;94,98;122,49;7;7;1;91;94; $ 12.009.799 ; $ 16.022 ; $ 47.692 ;NO;700;-50
AMB;CAF 66;NUEVO CENTRO LOPERENA;DOSQUEBRADAS;RISARALDA;0;217,26;232,16;82,88;97,89;76;9;7;2;48;97; $ 9.500.000 ; $ -   ; $ 43.726 ;NO;900;900
AMB;CAF 67;CIUDAD TUNAL;MAGANGUE;BOLIVAR;891;215;234,28;86;99,61;120;8;7;2;78;24,5; $ 2.737.809 ; $ 3.071 ; $ 12.734 ;NO;800;-91
AMB;CAF 68;CARNAVAL;BOGOTA;CUNDINAMARCA;787;161;242,92;52,23;106,63;95,2;5;8;1;28;105; $ 16.844.368 ; $ 21.405 ; $ 104.623 ;NO;500;-287
AMB;CAF 69;PORTAL DEL PARQUE;BUGA;VALLE DEL CAUCA;0;258,49;240,68;63,8;104,81;152;8;8;4;44;104; $ 9.126.567 ; $ -   ; $ 35.307 ;NO;800;800
AMB;CAF 70;SAF MAGANGUE;BOGOTA;CUNDINAMARCA;689;43,84;223,65;12,98;90,98;25,39;3;3;0;12;89; $ -   ; $ -   ; $ -   ;SI;300;-389
AMB;CAF 71;BOSA;BOGOTA;CUNDINAMARCA;755;75,77;221,86;25,26;89,52;40,19;4;6;0;22;88; $ 7.054.706 ; $ 9.346 ; $ 93.107 ;NO;400;-355
AMB;CAF 72;BUGA;CARTAGENA;BOLIVAR;771;195,58;225,33;56,36;92,34;94,17;6;7;0;23;91; $ 14.543.720 ; $ 18.852 ; $ 74.362 ;NO;600;-171
AMB;CAF 73;PORTAL DE SAN BASILIO;CERETE;CORDOBA;433;135,46;221,48;38,95;89,98;86,52;6;6;1;35;88; $ 3.472.787 ; $ 8.016 ; $ 25.637 ;NO;600;167
AMB;CAF 74;1 DE MAYO;SOLEDAD;ATLANTICO;622;282;223,78;79;90,89;101,7;8;7;4;60;89; $ 2.033.514 ; $ 3.267 ; $ 7.211 ;NO;800;178
AMB;CAF 75;CASTELLANA CARTAGENA;VILLAMARIA;CALDAS;115;305,85;228,31;94,29;93,07;185,17;7;7;3;36;92; $ 11.292.462 ; $ 98.384 ; $ 36.922 ;NO;700;585
AMB;CAF 76;OROBLANCO;BOGOTA;CUNDINAMARCA;548;266,85;262,50;93;111,36;161,21;9;13;4;105;110; $ 17.182.738 ; $ 31.344 ; $ 64.391 ;NO;900;352
AMB;CAF 77;BAHIA;CALI;VALLE DEL CAUCA;0;255,18;232,16;85,56;97,89;135,81;8;7;4;72;97; $ 8.400.781 ; $ -   ; $ 32.921 ;NO;800;800
AMB;CAF 78;VILLAFLORES;ARJONA;BOLIVAR;9;150;202,15;35,63;82,33;73,38;4;6;2;32;80; $ 7.000.000 ; $ 810.592 ; $ 46.667 ;NO;400;391
AMB;CAF 79;TIMIZA;BARRANQUILLA;ATLANTICO;560;144;197,33;44,9;80,42;76,43;5;6;2;40;19,75; $ 17.369.194 ; $ 31.009 ; $ 120.619 ;NO;500;-60
AMB;CAF 80;AVELLANEDA;CHIA;CUNDINAMARCA;579;298,05;256,47;103,12;117,64;85,84;11;11;0;101;117; $ 7.889.884 ; $ 13.631 ; $ 26.472 ;NO;1100;521
AMB;CAF 81;ARJONA;BARRANQUILLA;ATLANTICO;699;210;181,67;65;74,23;147;9;5;1;72;72; $ 10.819.200 ; $ 15.486 ; $ 51.520 ;NO;900;201
AMB;CAF 82;SAF CEVILLAR NAZARETH;CARTAGENA;BOLIVAR;864;180;234,00;46,3;90,94;105,1;5;7;4;40;22,25; $ -   ; $ -   ; $ -   ;SI;500;-364
AMB;CAF 83;LOS SAUCES;VILLAVICENCIO;META;1082;267,23;189,96;27,89;77,51;107;9;5;0;54;76; $ 18.300.000 ; $ 16.910 ; $ 68.480 ;NO;900;-182
AMB;CAF 84;FIRENZE;PALMIRA;VALLE DEL CAUCA;0;196,55;230,82;36,32;96,80;52,61;7;7;1;32;95; $ 6.470.623 ; $ -   ; $ 32.921 ;NO;700;700
AMB;CAF 85;SAF SANTA LUCIA;MARIA LA BAJA;BOLIVAR;660;94,43;178,56;34,94;73,00;57,18;3;5;0;18;17,75; $ -   ; $ -   ; $ -   ;SI;300;-360
AMB;CAF 86;LOS SAMANES;BOGOTA;CUNDINAMARCA;0;215;153,72;81,19;64,95;73,58;5;5;3;44;63; $ 5.571.586 ; $ -   ; $ 25.914 ;NO;500;500
AMB;CAF 87;CAPRI;BOGOTA;CUNDINAMARCA;632;183,19;173,08;37,78;80,69;64,08;8;6;0;30;79; $ 2.476.765 ; $ 3.920 ; $ 13.520 ;NO;800;168
AMB;CAF 89;SAF MARIALABAJA;BARRANQUILLA;ATLANTICO;679;123,41;168,56;36,28;69,05;64,81;5;5;2;27;67; $ -   ; $ -   ; $ -   ;SI;500;-179
AMB;CAF 90;SALITRE;BOGOTA;CUNDINAMARCA;495;297,11;200,24;67,71;71,96;92,67;9;5;0;40;70; $ 7.444.394 ; $ 15.036 ; $ 25.056 ;NO;900;405
AMB;CAF 91;TOBERIN;BOGOTA;CUNDINAMARCA;635;258,21;202,61;30,58;82,51;47,74;5;6;4;29;81; $ 8.829.068 ; $ 13.899 ; $ 34.193 ;NO;500;-135
AMB;CAF 92;NARINO;CIENAGA;MAGDALENA;566;91,55;208,20;33,42;78,42;53,87;5;5;0;33;76; $ 2.718.120 ; $ 4.803 ; $ 29.690 ;NO;500;-66
AMB;CAF 93;MALECON;BARRANQUILLA;ATLANTICO;499;207,08;221,56;55,42;90,01;100,99;6;6;1;36;22; $ 5.900.000 ; $ 11.831 ; $ 28.491 ;NO;600;101
AMB;CAF 94;LAS MARGARITAS;CARTAGO;VALLE DEL CAUCA;0;105;189,50;42,2;77,33;29,69;5;5;0;24;75; $ 3.456.705 ; $ -   ; $ 32.921 ;NO;500;500
AMB;CAF 95;LA CALLEJA;TURBACO;BOLIVAR;700;141,5;202,23;54,55;82,36;71,5;6;6;1;56;20,25; $ 15.982.086 ; $ 22.833 ; $ 112.948 ;NO;600;-100
AMB;CAF 96;NEVADA;ESPINAL;TOLIMA;466;301,43;203,49;100,2;74,60;183,13;6;5;5;64;73; $ 2.977.464 ; $ 6.383 ; $ 9.878 ;NO;600;134
AMB;CAF 97;SAF SOLEDAD;BOGOTA;CUNDINAMARCA;577;29,1;204,61;NA;75,51;26,44;2;5;0;NA;73; $ -   ; $ -   ; $ -   ;SI;200;-377
AMB;CAF 98;CACERES;CIENAGA DE ORO;CORDOBA;382;210;176,15;70;72,05;60;5;6;1;70;14; $ 2.973.355 ; $ 7.782 ; $ 14.159 ;NO;500;118
AMB;CAF 99;SAF TURBACO;PLATO;MAGDALENA;617;200;199,94;82,00;82,00;62,50;7;7;2;80;17,5; $ 5.460.900 ; $ 8.845 ; $ 27.305 ;NO;700;83
AMB;CAF 100;ESPINAL;MONTERIA;CORDOBA;375;236,35;450,00;64,8;274,89;127,36;13;22;2;45;279; $ 4.800.000 ; $ 12.787 ; $ 20.309 ;NO;1300;925
AMB;CAF 101;NUEVO FONTIBON;MOMPOS;BOLIVAR;602;158;194,03;84;79,12;78;7;7;2;64;19,25; $ 10.466.868 ; $ 17.384 ; $ 66.246 ;NO;700;98
AMB;CAF 102;CIENAGA DE ORO;BOGOTA;CUNDINAMARCA;0;27,2;187,20;NA;76,42;24,53;2;5;0;NA;74; $ 1.751.435 ; $ -   ; $ 64.391 ;NO;200;200
AMB;CAF 103;SAF PLATO;CIENAGA;MAGDALENA;539;200;170,64;96;69,87;66,49;7;5;2;84;21; $ -   ; $ -   ; $ -   ;SI;700;161
AMB;CAF 104;PLAZOLETA;CARTAGO;VALLE DEL CAUCA;0;99,4;159,35;101;65,41;60,58;5;4;0;16;63; $ 10.849.052 ; $ -   ; $ 109.145 ;NO;500;500
AMB;CAF 105;SAF MOMPOX;BOGOTA;CUNDINAMARCA;445;77,39;141,41;34,18;58,31;35,72;4;4;0;32;56; $ -   ; $ -   ; $ -   ;SI;400;-45
AMB;CAF 106;PLAZA URGENCIAS;FUNDACION;MAGDALENA;450;87,24;164,65;32,43;67,50;38,48;5;5;0;21;65; $ 2.590.156 ; $ 5.750 ; $ 29.690 ;NO;500;50
AMB;CAF 107;SAF CIENAGA MAGDALENA;BOGOTA;CUNDINAMARCA;526;325,95;219,17;130,66;87,34;97,9;8;12;4;60;86; $ -   ; $ -   ; $ -   ;SI;800;274
AMB;CAF 108;MARISCAL;BOGOTA;CUNDINAMARCA;0;18,8;177,89;NA;71,05;17,36;2;5;0;NA;69; $ 6.217.700 ; $ -   ; $ 330.729 ;NO;200;200
AMB;CAF 109;PASEO VILLA DEL RIO;SINCELEJO;SUCRE;172;134;199,75;54,22;71,56;68,92;6;5;0;48;17,25; $ 9.414.978 ; $ 54.733 ; $ 70.261 ;NO;600;428
AMB;CAF 110;EL AMPARO;MEDELLIN;ANTIOQUIA;0;17,41;194,10;NA;79,15;17,41;2;6;0;NA;77; $ 1.311.360 ; $ -   ; $ 75.322 ;NO;200;200
AMB;CAF 111;GAITAN;PALMIRA;VALLE DEL CAUCA;663;216,38;206,74;98,42;77,24;116,38;7;5;0;58;75; $ 7.547.800 ; $ 11.382 ; $ 34.882 ;NO;700;37
AMB;CAF 112;SANTA EMILIANA;BOGOTA;CUNDINAMARCA;0;108,5;205,14;40,5;83,51;45,64;5;6;0;42;82; $ 6.986.424 ; $ -   ; $ 64.391 ;NO;500;500
AMB;CAF 113;SAF SAN CARLOS;MEDELLIN;ANTIOQUIA;530;123,07;173,08;15,23;82,70;60,05;5;6;0;22;81; $ -   ; $ -   ; $ -   ;SI;500;-30
AMB;CAF 114;FOLDERAMA SAN DIEGO;SINCELEJO;SUCRE;176;153,05;148,91;57;61,28;73,7;5;4;2;52;14,75; $ 6.419.682 ; $ 36.504 ; $ 41.945 ;NO;500;324
AMB;CAF 115;CALIMA;YUMBO;VALLE DEL CAUCA;94;166,2;352,98;53,96;71,41;87,77;5;5;0;21;69; $ 5.471.470 ; $ 58.471 ; $ 32.921 ;NO;500;406
AMB;CAF 116;SAN LUCAS;SAN JUAN NEPOMUCENO;BOLIVAR;3;148;189,15;50;77,19;90,3;5;5;0;48;18,75; $ 20.814.080 ; $ 6.423.484 ; $ 140.636 ;NO;500;497
AMB;CAF 117;TOSCANA;CARTAGENA;BOLIVAR;399;131,3;219,59;50,83;89,23;65,15;3;6;1;48;22; $ 4.072.303 ; $ 10.204 ; $ 31.015 ;NO;300;-99
AMB;CAF 118;SAF SANTANDER;SANTA ROSA;RISARALDA;0;193,46;153,72;63,04;61,22;96,42;5;5;0;43;59; $ -   ; $ -   ; $ -   ;SI;500;500
AMB;CAF 119;YUMBO;SANTA MARTA;MAGDALENA;556;102,45;198,68;22,2;70,68;45,4;4;5;0;28;69; $ 2.650.000 ; $ 4.762 ; $ 25.866 ;NO;400;-156
AMB;CAF 120;SAF SAN JUAN;CALI;VALLE DEL CAUCA;0;200;287,38;47;90,98;76,8;7;7;0;35;89; $ -   ; $ -   ; $ -   ;SI;700;700
AMB;CAF 121;SAF CONSOLATA;VILLAVICENCIO;META;0;40,09;170,80;N/A;66,50;30;3;5;1;N/A;64; $ -   ; $ -   ; $ -   ;SI;300;300
AMB;CAF 122;SANTA ROSA;ZIPAQUIRA;CUNDINAMARCA;443;263,24;235,32;101,09;99,71;104,14;7;8;2;48;98; $ 5.512.500 ; $ 12.454 ; $ 20.941 ;NO;700;257
AMB;CAF 123;AVENIDA LIBERTADOR;BOGOTA;CUNDINAMARCA;0;210,9;214,04;76,35;89,79;90,65;8;7;0;60;88; $ 3.545.900 ; $ -   ; $ 16.813 ;NO;800;800
AMB;CAF 124;LA FLORA ESPECIALIZADO MAC;TURBACO;BOLIVAR;480;88,92;153,72;24,12;62,04;53,27;3;5;1;20;60; $ 5.460.236 ; $ 11.366 ; $ 61.406 ;NO;300;-180
AMB;CAF 125;TORRE 33;CALI;VALLE DEL CAUCA;609;32,94;181,21;0;74,05;5,59;2;5;0;0;72; $ 2.322.400 ; $ 3.816 ; $ 70.504 ;NO;200;-409
AMB;CAF 126;ZIPAQUIRA;PALMIRA;VALLE DEL CAUCA;0;102,28;192,40;17,71;65,59;79,76;5;4;0;16;63; $ 8.791.710 ; $ -   ; $ 85.957 ;NO;500;500
HOSP;CAF 127;UNICENTRO;BARRANCABERMEJA;SANTANDER;74;71,58;169,71;NA;69,50;57,34;6;5;0;0;67; $ 24.481.600 ; $ 329.036 ; $ 342.017 ;NO;600;526
AMB;CAF 128;TURBACO;MALAMBO;ATLANTICO;504;187;207,76;71;78,06;35;N/A;5;0;N/A;19; $ 3.090.438 ; $ 6.137 ; $ 16.526 ;NO;#¡VALOR!;#¡VALOR!
AMB;CAF 129;CALI NORTE;CUCUTA;N. DE SANTANDER;227;357;240,45;98,32;104,63;163,12;9;8;0;64;103; $ 14.974.365 ; $ 65.893 ; $ 41.945 ;NO;900;673
AMB;CAF 130;AGUACLARA;MONTERIA;CORDOBA;254;134,6;165,00;37,49;67,64;73,5;6;5;0;32;16,25; $ 2.706.880 ; $ 10.664 ; $ 20.111 ;NO;600;346
AMB;CAF 131;BARRANCABERMEJA;LA VIRGINIA;RISARALDA;141;215;156,36;63;64,22;42;7;7;0;57;62; $ 9.018.175 ; $ 63.804 ; $ 41.945 ;NO;700;559
AMB;CAF 132;SAF MALAMBO;BOGOTA;CUNDINAMARCA;501;23,55;169,71;NA;69,50;23,55;3;5;0;NA;67; $ -   ; $ -   ; $ -   ;SI;300;-201
AMB;CAF 133;LOS CAOBOS;CALI;VALLE DEL CAUCA;503;93,94;170,80;18,8;66,04;5,5;4;5;0;15;64; $ 14.834.104 ; $ 29.486 ; $ 157.910 ;NO;400;-103
AMB;CAF 134;SAF LA GLORIA;ENVIGADO;ANTIOQUIA;510;173,72;162,12;63,4;66,50;65,94;4;5;2;45;64; $ -   ; $ -   ; $ -   ;SI;400;-110
AMB;CAF 135;LA VIRGINIA;BOGOTA;CUNDINAMARCA;0;188,04;162,35;59,01;66,59;106,45;6;5;1;40;64; $ 2.054.340 ; $ -   ; $ 10.925 ;NO;600;600
AMB;CAF 136;CASTELLANA BOGOTA;MANIZALES;CALDAS;0;192,2;172,72;48,44;58,31;75,1;9;4;0;27;56; $ 5.640.878 ; $ -   ; $ 29.349 ;NO;900;900
AMB;CAF 137;SAN MARCOS CFV;SINCELEJO;SUCRE;162;152,55;193,16;33,77;64,13;32,1;6;4;3;26;62; $ 2.900.000 ; $ 17.864 ; $ 19.010 ;NO;600;438
AMB;CAF 138;ENVIGADO;LORICA;CORDOBA;254;100;159,50;37,8;65,46;51,2;4;4;1;36;15,75; $ 8.300.000 ; $ 32.658 ; $ 83.000 ;NO;400;146
AMB;CAF 139;CORFERIAS;PALMIRA;VALLE DEL CAUCA;0;179,85;147,62;48,46;60,76;68,62;4;4;0;21;58; $ 15.589.343 ; $ -   ; $ 86.680 ;NO;400;400
AMB;CAF 140;MANIZALES ESPECIALIZADO MAC;CALI;VALLE DEL CAUCA;454;63,5;154,75;35,74;63,59;31,6;4;4;0;NA;61; $ 10.642.171 ; $ 23.447 ; $ 167.593 ;NO;400;-54
AMB;CAF 141;FORD;BOGOTA;CUNDINAMARCA;454;166;218,10;62,54;86,47;82,09;7;6;0;52;85; $ 4.181.700 ; $ 9.219 ; $ 25.191 ;NO;700;246
AMB;CAF 142;SAF SANTA CRUZ;BOGOTA;CUNDINAMARCA;0;145,5;151,07;27,94;62,13;54,97;4;4;2;13;60; $ -   ; $ -   ; $ -   ;SI;400;400
AMB;CAF 143;PALMIRA;SAN JACINTO;BOLIVAR;0;123,4;153,48;40,58;63,08;61,55;4;4;2;32;15,25; $ 3.658.169 ; $ 18.150.146 ; $ 29.645 ;NO;400;400
AMB;CAF 144;MANZANARES;CARTAGENA;BOLIVAR;290;137,35;155,44;39,4;63,86;77,98;6;4;0;29;61; $ 3.120.000 ; $ 10.774 ; $ 22.716 ;NO;600;310
AMB;CAF 145;20 DE JULIO;SAN ONOFRE;SUCRE;100;120;141,15;;58,21;;;4;;;14; $ 6.800.000 ; $ 68.000 ; $ 56.667 ;NO;0;-100
AMB;CAF 146;GALICIA;FACATATIVA;CUNDINAMARCA;404;110,65;153,72;45,56;61,22;56,38;5;5;0;64;59; $ 4.641.214 ; $ 11.476 ; $ 41.945 ;NO;500;96
AMB;CAF 147;SAN JACINTO;SOACHA;CUNDINAMARCA;0;21,62;161,50;NA;58,85;19,84;2;2;0;NA;56; $ 906.851 ; $ -   ; $ 41.945 ;NO;200;200
AMB;CAF 148;PEDRO DE HEREDIA;BUENAVENTURA;VALLE DEL CAUCA;0;152,55;162,12;56,14;66,50;77,79;8;5;0;34;64; $ 4.999.566 ; $ -   ; $ 32.773 ;NO;800;800
AMB;CAF 149;SAN ONOFRE;BOGOTA;CUNDINAMARCA;289;15,77;153,72;NA;62,13;13,96;1;5;0;NA;60; $ 1.015.446 ; $ 3.514 ; $ 64.391 ;NO;100;-189
AMB;CAF 150;SANTA RITA;SAN ANDRES DE SOTAVENTO;CORDOBA;216;104,3;136,65;43,73;56,43;47,9;4;4;1;32;13,5; $ 7.523.340 ; $ 34.857 ; $ 72.132 ;NO;400;184
AMB;CAF 151;SOACHA URGENCIAS AMB;BOGOTA;CUNDINAMARCA;370;69,06;170,80;23,19;67,50;41,19;3;3;0;21;65; $ 4.446.842 ; $ 12.035 ; $ 64.391 ;NO;300;-70
AMB;CAF 152;BUENAVENTURA;TUCHIN;CORDOBA;219;104;130,59;37,21;54,03;56,25;4;4;0;32;8; $ 4.362.280 ; $ 19.917 ; $ 41.945 ;NO;400;181
AMB;CAF 153;SANTA LUCIA;CARTAGENA;BOLIVAR;338;92,6;151,50;36,48;62,30;23,39;3;4;1;28;15; $ 6.885.921 ; $ 20.385 ; $ 74.362 ;NO;300;-38
AMB;CAF 154;SOTAVENTO;BOGOTA;CUNDINAMARCA;0;287,22;246,16;129,56;109,27;120,53;8;8;4;96;108; $ 18.494.383 ; $ -   ; $ 64.391 ;NO;800;800
AMB;CAF 155;SIENA;LA DORADA;CALDAS;3;236,99;196,32;77;68,77;86;8;5;0;64;67; $ 2.262.400 ; $ 836.945 ; $ 9.546 ;NO;800;797
AMB;CAF 156;TUCHIN;TUMACO;NARIÑO;0;125,5;141,32;30,56;55,85;80,43;4;4;3;28;53; $ 5.264.098 ; $ 31.769.290 ; $ 41.945 ;NO;400;400
AMB;CAF 157;SAF OLAYA;BOGOTA;CUNDINAMARCA;144;90,03;161,66;31,94;66,32;46,3;4;4;0;19;64; $ -   ; $ -   ; $ -   ;SI;400;256
AMB;CAF 158;BULEVAR;GALAPA;ATLANTICO;380;45;137,27;;56,67;;;4;;;13,5; $ 13.500.000 ; $ 35.508 ; $ 300.000 ;NO;0;-380
AMB;CAF 159;LA DORADA;BOGOTA;CUNDINAMARCA;0;330;163,27;157,14;66,95;151,66;8;8;4;116;65; $ 3.955.000 ; $ -   ; $ 11.985 ;NO;800;800
AMB;CAF 160;TUMACO;TUNJA;BOYACA;171;125,01;159,30;55,9;54,49;56,83;5;4;1;50;52; $ 5.243.544 ; $ 30.668 ; $ 41.945 ;NO;500;329
AMB;CAF 161;CHAPINERO;BOGOTA;CUNDINAMARCA;0;166,6;181,44;74,8;74,14;73,12;6;5;0;48;72; $ 10.727.541 ; $ -   ; $ 64.391 ;NO;600;600
AMB;CAF 162;SAF GALAPA;EL BANCO;MAGDALENA;383;157,22;144,40;54,35;59,49;93,1;4;4;2;30;57; $ -   ; $ -   ; $ -   ;SI;400;17
AMB;CAF 163;CEDRITOS;BOGOTA;CUNDINAMARCA;0;71,16;175,46;21,83;71,78;41,38;4;5;1;21;70; $ 19.900.000 ; $ -   ; $ 279.651 ;NO;400;400
AMB;CAF 164;PADUA;CARTAGENA;BOLIVAR;288;46,4;193,08;14,65;66,13;25,94;3;4;0;12;64; $ 5.462.208 ; $ 18.942 ; $ 117.720 ;NO;300;12
AMB;CAF 165;CASA BLANCA;SANTA ROSA;RISARALDA;380;157,17;143,48;45,32;59,13;62,7;4;4;2;28;57; $ 6.592.496 ; $ 17.334 ; $ 41.945 ;NO;400;20
AMB;CAF 166;EL BANCO;SAN BERNARDO DEL VIENTO;CORDOBA;220;98,57;145,44;25,6;59,90;55,41;3;4;2;24;14,25; $ 4.134.519 ; $ 18.793 ; $ 41.945 ;NO;300;80
AMB;CAF 167;CARRERA;MONTERIA;CORDOBA;205;81,25;126,22;29,74;52,30;29,55;3;3;0;16;50; $ 3.408.031 ; $ 16.640 ; $ 41.945 ;NO;300;95
AMB;CAF 168;NAVARRA;PEREIRA;RISARALDA;416;131,68;128,52;61,2;53,21;57,69;5;3;0;40;51; $ 4.999.929 ; $ 12.029 ; $ 37.970 ;NO;500;84
AMB;CAF 169;LAS ARAUCARIAS;SABANALARGA;ATLANTICO;339;110,31;130,82;22,39;54,12;40,71;3;3;2;15;51; $ 5.744.000 ; $ 16.929 ; $ 52.071 ;NO;300;-39
AMB;CAF 170;SAN BERNARDO DEL VIENTO;TULUA;VALLE DEL CAUCA;0;234,45;385,07;41,42;77,96;93,1;6;6;0;16;76; $ 7.718.328 ; $ -   ; $ 32.921 ;NO;600;600
AMB;CAF 171;PLAZA RECREO;MEDELLIN;ANTIOQUIA;416;196,29;98,03;45,14;33,10;70,93;4;4;2;46;30; $ 8.233.384 ; $ 19.780 ; $ 41.945 ;NO;400;-16
AMB;CAF 172;LA CIRCUNVALAR;SINCELEJO;SUCRE;140;85;127,18;30,25;52,68;37,8;3;3;2;32;12,5; $ 7.671.925 ; $ 54.612 ; $ 90.258 ;NO;300;160
AMB;CAF 173;EL PUEBLO;SAHAGUN;CORDOBA;182;102,72;129,92;27,9;53,76;59,9;2;3;2;24;12,75; $ 3.059.840 ; $ 16.846 ; $ 29.788 ;NO;200;18
AMB;CAF 174;VICTORIA;TULUA;VALLE DEL CAUCA;0;88;154,51;35,7;53,12;44,5;4;3;0;21;50; $ 2.897.048 ; $ -   ; $ 32.921 ;NO;400;400
AMB;CAF 175;CIUDAD DEL RIO;PUEBLO NUEVO;CORDOBA;199;51,12;127,37;18,92;52,76;25,41;2;3;1;14;50; $ 12.406.500 ; $ 62.426 ; $ 242.694 ;NO;200;1
AMB;CAF 176;SAF SAN FRANCISCO;CALAMAR;BOLIVAR;327;128,4;126,45;41,7;52,39;73,45;3;3;1;32;12,5; $ -   ; $ -   ; $ -   ;SI;300;-27
AMB;CAF 177;SAHAGUN;BARRANQUILLA;ATLANTICO;251;79,6;144,52;26;59,54;45,32;2;4;2;24;14,25; $ 4.100.992 ; $ 16.324 ; $ 51.520 ;NO;200;-51
AMB;CAF 178;MIRAVALLES;QUIBDO;CHOCO;68;113,53;127,14;36,25;52,67;41,79;6;3;0;31;50; $ 2.065.412 ; $ 30.521 ; $ 18.193 ;NO;600;532
AMB;CAF 179;PUEBLO NUEVO;ANSERMA;CALDAS;29;231,32;145,25;54,69;50,48;130;3;3;2;20;48; $ 6.789.011 ; $ 237.774 ; $ 29.349 ;NO;300;271
AMB;CAF 180;SAF CALAMAR;SANTA MARTA;MAGDALENA;268;94,2;127,20;24,6;52,69;57,6;3;3;2;24;12,5; $ -   ; $ -   ; $ -   ;SI;300;32
AMB;CAF 181;SAF NUEVA ERA;SANTANDER DE QUILICHAO;CAUCA;0;165.97;145,09;68,44;59,76;55,6;4;6;2;56;14; $ -   ; $ -   ; $ -   ;SI;400;400
AMB;CAF 182;QUIBDO;SAN JOSE DEL GUAVIARE;GUAVIARE;0;138;161,50;49,8;56,76;75,43;5;4;2;38;54; $ 5.500.000 ; $ -   ; $ 39.855 ;NO;500;500
AMB;CAF 183;ANSERMA;SANTA MARTA;MAGDALENA;298;149,57;116,10;52,9;48,30;80,85;3;3;2;32;11,25; $ 4.944.700 ; $ 16.590 ; $ 33.059 ;NO;300;2
AMB;CAF 184;SAF SANTA MARTHA;SAMPUES;SUCRE;184;112,1;121,02;40,96;50,25;57,68;3;3;2;24;11,75; $ -   ; $ -   ; $ -   ;SI;300;116
AMB;CAF 185;CELESTE;BARRANQUILLA;ATLANTICO;238;132,8;120,96;49,6;50,22;61,64;3;3;2;32;11,75; $ 3.200.000 ; $ 13.472 ; $ 24.096 ;NO;300;62
AMB;CAF 186;SAN JOSE DEL GUAVIARE;DUITAMA;BOYACA;168;81,9;136,62;34,7;48,02;46,93;4;3;0;16;45; $ 3.435.296 ; $ 20.490 ; $ 41.945 ;NO;400;232
AMB;CAF 187;SAF ALCAZARES;MEDELLIN;ANTIOQUIA;0;195,78;161,43;65,13;66,22;106,76;8;8;0;38;64; $ -   ; $ -   ; $ -   ;SI;800;800
AMB;CAF 188;SAMPUES;VILLANUEVA;BOLIVAR;272;125;119,17;48,6;49,51;64,3;3;3;2;40;11,75; $ 8.280.750 ; $ 30.453 ; $ 66.246 ;NO;300;28
AMB;CAF 189;SAF EL BOSQUE;RIONEGRO;ANTIOQUIA;276;80;131,51;15,12;46,57;19,08;3;3;0;15,15;44; $ -   ; $ -   ; $ -   ;SI;300;24
AMB;CAF 190;DUITAMA;SAN PELAYO;CORDOBA;166;120;127,67;51;52,87;30;4;3;2;28;12,5; $ 4.263.559 ; $ 25.613 ; $ 35.530 ;NO;400;234
AMB;CAF 191;CLINICA PRADO AMB;SABANAGRANDE;ATLANTICO;221;84;118,61;29;49,29;42,39;3;3;5;24;11,75; $ 4.006.128 ; $ 18.160 ; $ 47.692 ;NO;300;79
AMB;CAF 192;SAF VILLANUEVA;MONTENEGRO;QUINDIO;0;112,31;128,98;37,49;53,39;54,93;4;3;1;20;51; $ -   ; $ -   ; $ -   ;SI;400;400
AMB;CAF 193;MAC ORIENTE;SINCE;SUCRE;155;93,44;114,45;29,18;47,65;51,03;3;3;2;24;11,25; $ 4.614.104 ; $ 29.799 ; $ 49.380 ;NO;300;145
AMB;CAF 194;SAF SAN PELAYO;BOGOTA;CUNDINAMARCA;287;14,66;116,79;NA;48,57;14,66;1;3;0;NA;46; $ -   ; $ -   ; $ -   ;SI;100;-187
AMB;CAF 195;SAF SABANAGRANDE;SOGAMOSO;BOYACA;144;188,94;139,12;78,39;45,48;90,29;4;3;2;16;43; $ -   ; $ -   ; $ -   ;SI;400;256
AMB;CAF 196;MONTENEGRO;COTORRA;CORDOBA;153;74,95;115,47;7,69;48,05;23,15;3;3;0;6;11,25; $ 3.843.269 ; $ 25.097 ; $ 51.278 ;NO;300;147
AMB;CAF 197;SAF SINCE;PUERTO TEJADA;CAUCA;0;216;147,39;64;60,67;65,88;5;5;2;48;58; $ -   ; $ -   ; $ -   ;SI;500;500
AMB;CAF 198;CASTILLA;SAN PEDRO (SUCRE);SUCRE;153;110,02;131,43;30,54;46,54;50,51;2;3;2;16;11; $ 4.614.789 ; $ 30.120 ; $ 41.945 ;NO;200;47
AMB;CAF 199;SOGAMOSO;SABANALARGA;ATLANTICO;232;128,4;112,31;41,7;46,80;73,45;3;3;2;24;11; $ 4.000.000 ; $ 17.219 ; $ 31.153 ;NO;300;68
AMB;CAF 200;SAF COTORRA;FUSAGASUGA;CUNDINAMARCA;113;223;204,39;93,6;75,32;105,22;6;5;3;108;73; $ -   ; $ -   ; $ -   ;SI;600;487
AMB;CAF 201;EVORA;OVEJAS;SUCRE;80;96,5;112,41;38,28;46,84;48,33;5;3;0;16;44; $ 6.939.382 ; $ 87.165 ; $ 71.911 ;NO;500;420
AMB;CAF 202;SAF SAN PEDRO;CARTAGENA;BOLIVAR;254;142,99;165,13;34,3;62,31;107,74;8;5;0;16;60; $ -   ; $ -   ; $ -   ;SI;800;546
AMB;CAF 203;SAF SABANALARGA;REPELON;ATLANTICO;211;100,86;116,82;32,33;48,58;56,9;4;3;2;24;11,5; $ -   ; $ -   ; $ -   ;SI;400;189
AMB;CAF 204;FUSAGASUGA;CAICEDONIA;VALLE DEL CAUCA;0;189,35;102,29;25,93;42,84;40,8;2;3;2;14;40; $ 8.196.000 ; $ -   ; $ 43.285 ;NO;200;200
AMB;CAF 205;OVEJAS;CALI;VALLE DEL CAUCA;229;63,65;119,42;15,16;44,38;37,9;4;3;1;12;41; $ 2.095.422 ; $ 9.140 ; $ 32.921 ;NO;400;171
AMB;CAF 206;SAN FELIPE;SAN MARCOS;SUCRE;153;118,95;111,77;32,75;46,58;66,2;2;3;2;20;11; $ 4.989.358 ; $ 32.600 ; $ 41.945 ;NO;200;47
AMB;CAF 207;SAF REPELON;SALAMINA (CAL);CALDAS;45;103,65;139,12;35,13;46,75;45,33;4;3;2;31;44; $ -   ; $ -   ; $ -   ;SI;400;355
AMB;CAF 208;CAICEDONIA;CALI;VALLE DEL CAUCA;0;157,65;255,76;62,88;81,97;93,67;8;6;0;30;80; $ 1.776.636 ; $ -   ; $ 11.269 ;NO;800;800
AMB;CAF 209;UNICALI;SAN ANTERO;CORDOBA;145;77,8;105,14;27,71;43,96;38,36;2;3;1;24;10,25; $ 8.742.400 ; $ 60.385 ; $ 112.370 ;NO;200;55
AMB;CAF 210;SAF SAN MARCOS;GIRARDOT;CUNDINAMARCA;0;40,35;120,47;NA;50,03;40,35;2;3;0;NA;47; $ -   ; $ -   ; $ -   ;SI;200;200
AMB;CAF 211;SALAMINA;SAN JUAN DE BETULIA;SUCRE;120;45,8;111,03;13,5;46,30;25;2;3;1;12;10,75; $ 4.212.000 ; $ 35.186 ; $ 91.965 ;NO;200;80
AMB;CAF 212;COMPOSTELA;CALI;VALLE DEL CAUCA;0;85,75;117,02;22,36;48,66;40,92;3;3;1;18;46; $ 12.013.274 ; $ -   ; $ 140.096 ;NO;300;300
AMB;CAF 213;SAN ANTERO;CARTAGENA;BOLIVAR;191;68,3;124,52;22,43;51,63;36,96;3;3;1;16;12,25; $ 5.078.925 ; $ 26.564 ; $ 74.362 ;NO;300;109
AMB;CAF 214;FOLDERAMA GIRARDOT;PURISIMA;CORDOBA;115;144;101,30;50;42,45;11,04;3;3;1;48;9,75; $ 6.040.080 ; $ 52.519 ; $ 41.945 ;NO;300;185
AMB;CAF 215;SAF BETULIA;SANTA ROSA (BOLIVAR);BOLIVAR;182;72,78;101,77;23,61;42,63;36,01;2;3;2;16;10; $ -   ; $ -   ; $ -   ;SI;200;18
AMB;CAF 216;INGENIO;SANTA ANA;MAGDALENA;214;71,8;100,70;23,32;42,21;39,2;2;3;1;32;9,75; $ 3.893.824 ; $ 18.220 ; $ 54.232 ;NO;200;-14
AMB;CAF 217;SAF CANAPOTE;NEIRA;CALDAS;44;98,92;102,52;34,72;42,93;37,72;2;3;2;27;40; $ -   ; $ -   ; $ -   ;SI;200;156
AMB;CAF 218;SAF PURISIMA;MAHATES;BOLIVAR;205;47,19;105,28;17,24;44,02;19,25;3;3;0;12;10,25; $ -   ; $ -   ; $ -   ;SI;300;95
AMB;CAF 219;SAF SANTA ROSA BOLIVAR;SUPIA;CALDAS;31;100,05;139,12;32,32;45,29;53,41;4;3;0;25;42; $ -   ; $ -   ; $ -   ;SI;400;369
AMB;CAF 220;SAF SANTA ANA;TULUA;VALLE DEL CAUCA;53;106,5;154,29;34,94;63,40;34,72;5;4;0;30;61; $ -   ; $ -   ; $ -   ;SI;500;447
AMB;CAF 221;NEIRA;PALESTINA;CALDAS;22;131,5;112,99;31,64;41,29;47,88;3;2;0;18;38; $ 2.262.400 ; $ 100.765 ; $ 17.205 ;NO;300;278
AMB;CAF 222;SAF MAHATES;MORROA;SUCRE;134;80,49;105,25;24,17;44,01;56,32;3;3;0;24;10,25; $ -   ; $ -   ; $ -   ;SI;300;166
AMB;CAF 223;SUPIA;CANDELARIA (ATL);ATLANTICO;189;61;99,83;17;41,86;38,9;2;2;1;16;9,75; $ 3.793.109 ; $ 20.071 ; $ 62.182 ;NO;200;11
AMB;CAF 224;BERNA;VITERBO;CALDAS;0;97,72;89,91;32,9;36,83;40,5;3;3;1;32;34; $ 3.035.023 ; $ -   ; $ 31.058 ;NO;300;300
AMB;CAF 225;PALESTINA;TOLU;SUCRE;66;79,4;94,73;22,85;39,85;47,89;3;2;0;20;9,25; $ 1.639.200 ; $ 24.772 ; $ 20.645 ;NO;300;234
AMB;CAF 226;SAF MORROA;RIOSUCIO;CALDAS;0;52,84;121,61;21,4;43,75;23;2;3;0;8;41; $ -   ; $ -   ; $ -   ;SI;200;200
AMB;CAF 227;SULTANA;BARRANQUILLA;ATLANTICO;174;158;112,36;57;46,82;71;3;3;1;44;11; $ 8.140.160 ; $ 46.887 ; $ 51.520 ;NO;300;126
AMB;CAF 228;VITERBO;EL PASO;CESAR;184;30,72;100,45;10,36;42,11;16,92;2;2;0;6;39; $ 1.950.000 ; $ 10.603 ; $ 63.477 ;NO;200;16
AMB;CAF 229;SAF TOLU;LA TEBAIDA;QUINDIO;0;77,2;112,35;24,41;41,11;30,14;3;5;2;20;38; $ -   ; $ -   ; $ -   ;SI;300;300
AMB;CAF 230;RIOSUCIO;GUAMAL;MAGDALENA;190;72,9;103,90;26,52;43,47;38,1;2;3;2;20;41; $ 546.697 ; $ 2.876 ; $ 7.499 ;NO;200;10
AMB;CAF 231;SAF EL PUEBLO;CARTAGENA;BOLIVAR;186;178,9;103,00;35;43,11;42,51;2;3;2;32;10; $ -   ; $ -   ; $ -   ;SI;200;14
AMB;CAF 232;LA LOMA;LOS PALMITOS;SUCRE;111;52;92,06;18,04;38,79;30;2;2;1;16;9; $ 826.881 ; $ 7.449 ; $ 15.902 ;NO;200;89
AMB;CAF 233;LA TEBAIDA;BARRANCO DE LOBA;BOLIVAR;163;98;97,69;39,4;41,02;48,78;2;2;1;28;9,5; $ 3.167.359 ; $ 19.440 ; $ 32.320 ;NO;200;37
AMB;CAF 234;GUAMAL;PINILLOS;BOLIVAR;183;98,73;105,51;37,23;44,11;49,6;3;3;2;20;41; $ 6.540.468 ; $ 35.738 ; $ 66.246 ;NO;300;117
AMB;CAF 235;SAF EL POZON;BOGOTA;CUNDINAMARCA;0;84,46;147,16;NA;51,03;84,46;4;3;0;NA;48; $ -   ; $ -   ; $ -   ;SI;400;400
AMB;CAF 236;SAF LOS PALMITOS;TOLUVIEJO;SUCRE;57;128,4;96,44;41,7;40,52;73,45;4;2;1;32;9,25; $ -   ; $ -   ; $ -   ;SI;400;343
AMB;CAF 237;SAF BARRANCO DE LOBA;GALERAS;SUCRE;118;83,38;103,71;13,62;43,40;34,96;3;3;1;12;10; $ -   ; $ -   ; $ -   ;SI;300;182
AMB;CAF 238;LOS PINILLOS;LORICA;CORDOBA;157;149,5;165,69;42,7;56,31;46;5;4;0;36;54; $ 6.270.778 ; $ 39.869 ; $ 41.945 ;NO;500;343
AMB;CAF 239;CENTRAL DOMI BOGOTA;VALLEDUPAR;CESAR;178;73,36;91,94;29,7;38,74;39,9;3;2;0;16;36; $ 3.077.085 ; $ 17.261 ; $ 41.945 ;NO;300;122
AMB;CAF 240;SAF TOLUVIEJO;CAMPO DE LA CRUZ;ATLANTICO;179;127;97,49;53,1;40,94;63,1;3;2;2;20;9,5; $ -   ; $ -   ; $ -   ;SI;300;121
AMB;CAF 241;SAF GALERAS;LA JAGUA DE IBIRICO;CESAR;169;89,7;85,49;20,8;36,19;66,9;2;2;0;8;33; $ -   ; $ -   ; $ -   ;SI;200;31
AMB;CAF 242;SAF LORICA;TURBANA;BOLIVAR;173;39,6;96,73;11,19;40,64;23,87;2;2;1;8;9,5; $ 2.613.600 ; $ 15.107 ; $ 66.000 ;NO;200;27
AMB;CAF 243;ALFONSO LOPEZ;BOGOTA;CUNDINAMARCA;211;50,72;98,15;18,7;41,20;30,64;3;2;1;9;38; $ 3.265.912 ; $ 15.479 ; $ 64.391 ;NO;300;89
AMB;CAF 244;SAF CAMPO DE LA CRUZ;SAN SEBASTIAN DE BUENAVISTA;MAGDALENA;173;71,15;95,02;20,25;39,96;40,95;2;2;2;16;9,25; $ -   ; $ -   ; $ -   ;SI;200;27
AMB;CAF 245;LA JAGUA DE IBIRICO;MELGAR;TOLIMA;164;84,91;91,94;23,45;38,74;47,5;3;2;2;32;36; $ 1.564.256 ; $ 9.556 ; $ 18.423 ;NO;300;136
AMB;CAF 246;SAF TURBANA;ZAMBRANO;BOLIVAR;0;86;94,10;8;39,60;33,95;2;2;0;6;9,25; $ -   ; $ -   ; $ -   ;SI;200;200
AMB;CAF 247;AVENIDA FERROCARRIL;CIRCASIA;QUINDIO;0;90,77;92,86;15,96;39,11;20,76;2;2;1;12;36; $ 1.212.431 ; $ -   ; $ 13.357 ;NO;200;200
AMB;CAF 248;SAF SAN SEBASTIAN;BOGOTA;CUNDINAMARCA;136;123,58;146,53;26,14;50,85;85,96;7;3;0;15;48; $ -   ; $ -   ; $ -   ;SI;700;564
AMB;CAF 249;MELGAR;CICUCO;BOLIVAR;162;71,25;92,90;21,35;39,12;40,03;3;2;0;16;9; $ 2.618.000 ; $ 16.166 ; $ 36.744 ;NO;300;138
AMB;CAF 250;ZAMBRANO;TALAIGUA NUEVO;BOLIVAR;176;113;94,97;38,62;39,94;63,22;2;2;2;28;9,25; $ 7.485.798 ; $ 42.439 ; $ 66.246 ;NO;200;24
AMB;CAF 251;CIRCASIA;SAN CRISTOBAL;BOLIVAR;181;116,44;88,06;33,57;37,21;28,9;5;2;0;16;8,5; $ 1.194.700 ; $ 6.607 ; $ 10.260 ;NO;500;319
AMB;CAF 252;CENTRO EMPRESARIAL;HATILLO DE LOBA;BOLIVAR;158;100;82,73;34,78;35,10;41;1;2;2;28;32; $ 6.624.600 ; $ 41.822 ; $ 66.246 ;NO;100;-58
AMB;CAF 253;SAF CICUCO;LETICIA;AMAZONAS;0;92,73;94,93;22,09;39,93;30,42;3;2;1;18;37; $ -   ; $ -   ; $ -   ;SI;300;300
AMB;CAF 254;SAF TALAIGUA;CALI;VALLE DEL CAUCA;147;29,85;90,55;0;38,20;23,3;3;2;0;0;35; $ -   ; $ -   ; $ -   ;SI;300;153
AMB;CAF 255;SAF SAN CRISTOBAL;NEIVA;HUILA;97;193,63;128,36;25,48;40,20;42,55;3;3;0;12;37; $ -   ; $ -   ; $ -   ;SI;300;203
AMB;CAF 256;HATILLO DE LOBA;BOGOTA;CUNDINAMARCA;0;53,8;96,54;18,5;40,56;29,32;2;2;1;10;38; $ 3.464.236 ; $ -   ; $ 64.391 ;NO;200;200
AMB;CAF 257;LETICIA;VILLAVICENCIO;META;76;225;160,90;130,78;54,94;79,89;6;4;2;48;52; $ 5.764.749 ; $ 76.180 ; $ 25.621 ;NO;600;524
AMB;CAF 258;ROSARIO AMBULATORIO;MOMIL;CORDOBA;97;80;86,18;29;36,47;44;3;2;1;24;33; $ 3.355.600 ; $ 34.626 ; $ 41.945 ;NO;300;203
AMB;CAF 259;SAN JUAN;SOPLAVIENTO;BOLIVAR;145;25,86;86,80;9,32;36,71;16,54;3;2;0;7;8,5; $ 5.766.642 ; $ 39.884 ; $ 222.995 ;NO;300;155
AMB;CAF 260;PARQUE DE LA 93;LA UNION (SUCRE);SUCRE;38;39,4;85,37;12,24;36,15;21,57;2;2;0;8;8,25; $ 4.607.631 ; $ 120.467 ; $ 116.945 ;NO;200;162
AMB;CAF 261;BARZAL;PUERTO ESCONDIDO;CORDOBA;89;38,5;85,03;12,27;36,01;19,58;2;2;0;8;33; $ 1.614.883 ; $ 18.065 ; $ 41.945 ;NO;200;111
AMB;CAF 262;MOMIL;BOGOTA;CUNDINAMARCA;67;94,81;83,65;39,3;35,47;30,4;2;2;1;12;32; $ 6.104.911 ; $ 91.621 ; $ 64.391 ;NO;200;133
AMB;CAF 263;SOPLAVIENTO;JUAN DE ACOSTA;ATLANTICO;141;60,8;81,75;18,5;34,72;31,32;3;2;0;16;8; $ 2.899.674 ; $ 20.625 ; $ 47.692 ;NO;300;159
AMB;CAF 264;SAF LA UNION;COLOSO;SUCRE;41;59;86,18;21;36,47;31;2;2;1;16;33; $ -   ; $ -   ; $ -   ;SI;200;159
AMB;CAF 265;PUERTO ESCONDIDO;ACACIAS;META;109;149,25;117,14;38,13;42,47;69,02;3;3;1;9;40; $ 6.260.291 ; $ 57.654 ; $ 41.945 ;NO;300;191
AMB;CAF 266;LAS VILLAS;EL GUAMO;BOLIVAR;1;56;84,64;20;35,86;31,2;2;2;1;12;8,25; $ 3.709.776 ; $ 5.091.076 ; $ 66.246 ;NO;200;199
AMB;CAF 267;SAF JUAN DE ACOSTA;IPIALES;NARIÑO;0;146,6;89,17;30,96;37,65;41,49;3;2;0;20;35; $ -   ; $ -   ; $ -   ;SI;300;300
AMB;CAF 268;COLOSO;BOSCONIA;CESAR;126;108;79,51;32;33,83;54;2;2;0;36;31; $ 4.530.060 ; $ 35.952 ; $ 41.945 ;NO;200;74
AMB;CAF 269;ACACIAS;BOGOTA;CUNDINAMARCA;0;116,7;133,12;48,58;55,03;57,72;4;4;0;21;52; $ 2.438.000 ; $ -   ; $ 20.891 ;NO;400;400
AMB;CAF 270;SAF EL GUAMO;ALTOS DEL ROSARIO;BOLIVAR;77;49,94;88,02;15,6;37,20;27,63;1;2;2;9;8,5; $ -   ; $ -   ; $ -   ;SI;100;23
AMB;CAF 271;IPIALES;QUIMBAYA;QUINDIO;0;83,78;84,57;36,47;35,83;34,67;2;2;1;28;33; $ 3.514.152 ; $ -   ; $ 41.945 ;NO;200;200
AMB;CAF 272;BOSCONIA;SAN CAYETANO;BOLIVAR;1;31,5;78,24;9,03;33,33;19,83;2;2;0;7;7,5; $ -   ; $ -   ; $ -   ;SI;200;199
AMB;CAF 273;ALCALA;ARROYOHONDO;BOLIVAR;127;74;86,87;27;36,74;39,43;2;2;1;16;8,5; $ 2.666.182 ; $ 20.967 ; $ 36.029 ;NO;200;73
AMB;CAF 274;SAF ALTOS DEL ROSARIO;AGUADAS;CALDAS;15;48;76,29;17,8;32,55;19,5;2;2;0;15;29; $ -   ; $ -   ; $ -   ;SI;200;185
AMB;CAF 275;QUIMBAYA;ZONA BANANERA;MAGDALENA;94;16,93;77,67;5,23;33,10;10,03;2;2;0;4;30; $ 3.195.405 ; $ 33.887 ; $ 188.742 ;NO;200;106
AMB;CAF 276;SAN CAYETANO;JAMUNDI;VALLE DEL CAUCA;105;101,65;85,84;33,73;33,56;64,5;4;2;0;24;30; $ 3.346.420 ; $ 31.878 ; $ 32.921 ;NO;400;295
AMB;CAF 277;SAF ARROYO HONDO;MEDELLIN;ANTIOQUIA;0;65;101,17;0;37,92;37,19;6;6;0;NA;35; $ -   ; $ -   ; $ -   ;SI;600;600
AMB;CAF 278;AGUADAS;EL PEÑON;BOLIVAR;112;64,75;78,81;36,95;33,55;24,67;1;2;1;12;7,5; $ 1.320.000 ; $ 11.779 ; $ 20.386 ;NO;100;-12
AMB;CAF 279;ORIHUECA;MAHATES;BOLIVAR;110;42,3;81,53;15,6;34,63;20,8;1;2;1;16;7,75; $ 464.515 ; $ 4.216 ; $ 10.981 ;NO;100;-10
AMB;CAF 280;LIBERTADORES;SANTA MARTA;MAGDALENA;126;90;96,27;28,9;36,74;27,64;5;3;0;24;34; $ 2.001.997 ; $ 15.933 ; $ 22.244 ;NO;500;374
AMB;CAF 281;PUNTO CLAVE;PRADERA;VALLE DEL CAUCA;0;49,62;83,88;14,14;35,56;24,59;1;2;2;12;32; $ 1.633.540 ; $ -   ; $ 32.921 ;NO;100;100
AMB;CAF 282;SAF EL PENON;BOGOTA;CUNDINAMARCA;93;128,48;89,91;28,19;33,65;66,45;5;3;2;16;30; $ -   ; $ -   ; $ -   ;SI;500;407
AMB;CAF 283;SAF MALAGANA;MOÑITOS;CORDOBA;55;21,49;84,88;8,54;33,28;9,94;1;2;0;4;30; $ -   ; $ -   ; $ -   ;SI;100;45
AMB;CAF 284;SANTA MARTA ESPECIALIZADO MAC;BARRANQUILLA;ATLANTICO;90;24,89;85,81;7,21;33,55;15,39;3;2;0;6;7,5; $ 3.102.340 ; $ 34.631 ; $ 124.642 ;NO;300;210
AMB;CAF 285;PRADERA;SIMITI;BOLIVAR;83;87,1;80,74;24,24;34,32;43,72;3;2;0;16;7,75; $ 1.905.221 ; $ 22.977 ; $ 21.874 ;NO;300;217
AMB;CAF 286;SAN CRISTOBAL;MANIZALES;CALDAS;18;68,25;72,42;20,94;29,73;29,34;1;1;2;8;26; $ 4.130.552 ; $ 235.649 ; $ 60.521 ;NO;100;82
AMB;CAF 287;MONITOS;TIQUISIO;BOLIVAR;72;24;75,90;8,1;32,40;13,2;1;2;0;4;7,25; $ 1.589.904 ; $ 22.015 ; $ 66.246 ;NO;100;28
AMB;CAF 288;SAF LA PLAYA;LA UNION (NARIÑO);NARIÑO;0;103,75;71,69;20,41;30,73;35,29;2;2;1;16;27; $ -   ; $ -   ; $ -   ;SI;200;200
AMB;CAF 289;SAF SIMITI;RIO VIEJO;BOLIVAR;96;91,05;79,97;23,83;34,01;63,09;1;2;0;12;31; $ -   ; $ -   ; $ -   ;SI;100;4
AMB;CAF 290;PANTAGORAS;FILADELFIA;CALDAS;19;49,61;81,37;18,65;32,28;22,67;1;2;2;16;29; $ 1.639.200 ; $ 85.453 ; $ 33.042 ;NO;100;81
AMB;CAF 291;TIQUISIO;ARANZAZU;CALDAS;16;46,38;98,03;23,02;31,10;18,24;2;2;0;8;28; $ 1.361.207 ; $ 87.263 ; $ 29.349 ;NO;200;184
AMB;CAF 292;JUANAMBU;CANALETE;CORDOBA;58;51,65;77,78;15,15;33,14;29,5;1;2;2;12;7,5; $ 1.267.440 ; $ 22.000 ; $ 24.539 ;NO;100;42
AMB;CAF 293;RIO VIEJO;OBANDO;QUINDIO;0;47,85;79,74;12;33,92;23;1;2;2;9;31; $ 2.007.068 ; $ -   ; $ 41.945 ;NO;100;100
AMB;CAF 294;FILADELFIA;BOGOTA;CUNDINAMARCA;45;41,75;89,99;10,87;34,74;24,97;2;2;0;6;32; $ 718.120 ; $ 15.904 ; $ 17.200 ;NO;200;155
AMB;CAF 295;SAN RAGUEL;PEREIRA;RISARALDA;0;113,25;80,09;NA;31,92;87,06;3;2;0;NA;29; $ 1.008.403 ; $ -   ; $ 8.904 ;NO;300;300
AMB;CAF 296;SAF CANALETE;PACORA;CALDAS;23;38,68;71,92;12,61;30,83;25,27;1;2;1;14;28; $ -   ; $ -   ; $ -   ;SI;100;77
AMB;CAF 297;OBANDO;CHALAN;SUCRE;30;43,18;74,45;11,13;31,83;20,87;2;2;0;8;29; $ 494.470 ; $ 16.474 ; $ 11.451 ;NO;200;170
AMB;CAF 298;ATENAS;PENSILVANIA;CALDAS;8;52,44;102,06;16,15;42,75;18,83;2;3;0;12;40; $ 5.214.000 ; $ 672.186 ; $ 99.428 ;NO;200;192
AMB;CAF 299;FOLDERAMA OTUN;NUEVA GRANADA;MAGDALENA;48;29,84;70,77;9,08;30,37;19,2;2;2;0;4;27; $ 885.950 ; $ 18.406 ; $ 29.690 ;NO;200;152
AMB;CAF 300;PACORA;TUMACO;NARIÑO;0;52,5;98,03;18,89;31,46;25;2;2;0;12;28; $ 1.726.494 ; $ -   ; $ 32.886 ;NO;200;200
AMB;CAF 301;CHALAN;ARMENIA;QUINDIO;0;138,55;80,43;27,03;34,19;23,46;2;2;2;12;31; $ 5.811.480 ; $ -   ; $ 41.945 ;NO;200;200
AMB;CAF 302;DE LOS RIOS;COPEY;CESAR;60;33,35;71,46;9,79;30,64;13,25;2;2;0;6;27; $ 1.652.250 ; $ 27.595 ; $ 49.543 ;NO;200;140
AMB;CAF 303;NUEVA GRANADA;BOGOTA;CUNDINAMARCA;37;82,55;71,69;25,14;30,73;40,72;3;2;2;11;27; $ 5.315.477 ; $ 144.781 ; $ 64.391 ;NO;300;263
AMB;CAF 304;TUQUERRES;AGUACHICA;CESAR;84;107,3;73,07;27,92;31,28;46,09;4;2;0;18;28; $ 4.500.699 ; $ 53.623 ; $ 41.945 ;NO;400;316
AMB;CAF 305;FURATENA;CARTAGENA;BOLIVAR;58;19,62;70,77;5,7;30,37;11,8;1;2;0;3;6,75; $ 1.852.296 ; $ 31.845 ; $ 94.409 ;NO;100;42
AMB;CAF 306;COPEY;MEDELLIN;ANTIOQUIA;28;123,71;71,23;22,71;30,55;48,3;2;2;0;8;27; $ 1.279.613 ; $ 45.220 ; $ 10.344 ;NO;200;172
AMB;CAF 307;ALICANTE;MARQUETALIA;CALDAS;19;127,84;71,15;41,24;29,37;64,96;1;1;2;16;26; $ 6.799.410 ; $ 350.143 ; $ 53.187 ;NO;100;81
AMB;CAF 308;AGUACHICA;REGIDOR;BOLIVAR;53;70,31;72,43;23,2;31,03;32,71;2;2;1;16;7; $ 4.657.756 ; $ 88.396 ; $ 66.246 ;NO;200;147
AMB;CAF 309;SAF BAYUNCA;BELALCAZAR;CALDAS;10;28;66,85;13,34;28,82;11,7;1;1;0;14;25; $ -   ; $ -   ; $ -   ;SI;100;90
AMB;CAF 310;BELEN NUTIBARA;SALAMINA (MAG);MAGDALENA;61;32,23;65,74;14,46;28,38;15,5;2;1;0;4;6,25; $ 956.909 ; $ 15.771 ; $ 29.690 ;NO;200;139
AMB;CAF 311;MARQUETALIA;ALGARROBO;MAGDALENA;60;64,68;69,39;19,24;29,82;32,09;1;1;3;8;26; $ 1.500.000 ; $ 24.943 ; $ 23.191 ;NO;100;40
AMB;CAF 312;SAF REGIDOR;RISARALDA;CALDAS;40;70,47;65,40;20,77;27,73;25;1;1;0;14;24; $ -   ; $ -   ; $ -   ;SI;100;60
AMB;CAF 313;BELALCAZAR;SABANA DE TORRES;SANTANDER;2;82,19;68,00;29,49;29,28;39,25;2;1;0;33;26; $ 1.600.000 ; $ 806.250 ; $ 19.467 ;NO;200;198
AMB;CAF 314;SAN MIGUEL;BOGOTA;CUNDINAMARCA;28;57,2;85,20;14,15;33,37;38,29;3;2;0;9;30; $ 3.683.165 ; $ 132.634 ; $ 64.391 ;NO;300;272
AMB;CAF 315;ALGARROBO;PENSILVANIA;CALDAS;14;56,76;64,32;20,96;27,82;26,47;1;1;2;24;24; $ 1.159.700 ; $ 84.588 ; $ 20.432 ;NO;100;86
AMB;CAF 316;RISARALDA;BUCARAMANGA;SANTANDER;8;51;98,03;0;30,92;51;5;2;0;0;28; $ 15.000.000 ; $ 1.940.417 ; $ 294.118 ;NO;500;492
AMB;CAF 317;SABANA DE TORRES;MANIZALES;CALDAS;32;53;58,80;0;25,64;5,42;1;1;0;0;22; $ 1.500.000 ; $ 47.447 ; $ 28.302 ;NO;100;68
AMB;CAF 318;ASTURIAS;CARTAGENA;BOLIVAR;47;18,39;69,74;8,96;29,96;7,29;1;1;0;8;6,75; $ 8.124.221 ; $ 171.262 ; $ 441.774 ;NO;100;53
AMB;CAF 319;PENSILVANIA;MONTECRISTO;BOLIVAR;65;27,7;71,00;12,73;30,46;13,73;2;2;0;8;27; $ 1.131.200 ; $ 17.432 ; $ 40.838 ;NO;200;135
AMB;CAF 320;SAN LAUREANO;BOGOTA;CUNDINAMARCA;32;41,43;64,32;14,77;27,82;26,52;3;1;0;8;24; $ 2.667.719 ; $ 84.147 ; $ 64.391 ;NO;300;268
AMB;CAF 321;CAMELIA;NOROSI;BOLIVAR;39;36,23;70,08;13,39;30,10;18,91;2;2;0;11;27; $ 2.400.093 ; $ 61.115 ; $ 66.246 ;NO;200;161
AMB;CAF 322;SAF PASACABALLOS;BARRANQUILLA;ATLANTICO;12;22,5;69,23;0;28,82;20;1;1;0;0;25; $ -   ; $ -   ; $ -   ;SI;100;88
AMB;CAF 323;MONTECRISTO;VICTORIA;CALDAS;14;42,62;66,62;15,77;28,73;17,33;2;1;0;16;25; $ 1.250.854 ; $ 86.594 ; $ 29.349 ;NO;200;186
AMB;CAF 324;ALHAMBRA;BARRANQUILLA;ATLANTICO;49;23,24;62,54;7,54;27,12;14,1;1;1;1;8;6; $ 4.099.736 ; $ 84.225 ; $ 176.409 ;NO;100;51
AMB;CAF 325;NOROSI;CALI;VALLE DEL CAUCA;6;56,79;76,26;0;30,83;51;5;2;0;0;28; $ 1.869.584 ; $ 328.168 ; $ 32.921 ;NO;500;494
AMB;CAF 326;ATLANTICO;ORTEGA;TOLIMA;43;50,67;64,55;17;27,91;23;1;1;2;8;25; $ 1.808.463 ; $ 41.632 ; $ 35.691 ;NO;100;57
AMB;CAF 327;LA PASTORA;SANDONA;NARIÑO;0;61,42;49,01;18,9;26,82;10,3;3;2;0;8;23; $ 1.131.200 ; $ -   ; $ 18.417 ;NO;300;300
AMB;CAF 328;SAF JUAN MINA;TURBANA;BOLIVAR;51;24,31;65,93;10,9;28,46;11,8;1;1;0;8;6,25; $ -   ; $ -   ; $ -   ;SI;100;49
AMB;CAF 329;ESMERALDA;MARMATO;CALDAS;30;79,19;64,32;32,23;27,82;31,14;2;1;0;12;24; $ 2.324.147 ; $ 78.351 ; $ 29.349 ;NO;200;170
AMB;CAF 330;ORTEGA;ALGECIRAS;HUILA;40;85;62,71;19,59;27,19;52,27;1;1;1;12;24; $ 2.986.934 ; $ 74.834 ; $ 35.140 ;NO;100;60
AMB;CAF 331;SANDONA;BARRANQUILLA;ATLANTICO;53;40,78;65,07;15,61;28,12;19,81;1;1;1;8;6,25; $ 2.100.986 ; $ 39.887 ; $ 51.520 ;NO;100;47
AMB;CAF 332;SAF BALLESTAS;SAMANA;CALDAS;7;32,71;49,01;5,48;26,46;14,66;1;2;0;4;23; $ -   ; $ -   ; $ -   ;SI;100;93
AMB;CAF 333;MARMATO;LA UNION;VALLE DEL CAUCA;0;74,14;98,03;12,37;29,82;22,38;3;2;2;18;26; $ 983.500 ; $ -   ; $ 13.265 ;NO;300;300
AMB;CAF 334;ALGECIRAS;MAHATES;BOLIVAR;39;26,4;63,88;7,3;27,65;14,8;1;1;0;4;6; $ 1.114.656 ; $ 28.729 ; $ 42.222 ;NO;100;61
AMB;CAF 335;SAF LAS FLORES;PITAL;HUILA;26;113,4;58,57;46,65;25,55;44,94;3;1;0;12;22; $ -   ; $ -   ; $ -   ;SI;300;274
AMB;CAF 336;SAMANA;BARRANCABERMEJA;SANTANDER;1;50;61,79;;26,82;;;1;;;23; $ 1.112.800 ; $ 797.507 ; $ 22.256 ;NO;0;-1
AMB;CAF 337;VINEDOS;ORITO;PUTUMAYO;13;39,42;63,17;NA;27,37;31,27;2;1;0;NA;24; $ 1.653.472 ; $ 125.852 ; $ 41.945 ;NO;200;187
AMB;CAF 338;SAF SAN BASILIO DE PALENQUE;CANDELARIA (VAL);VALLE DEL CAUCA;51;65,15;49,01;19,05;27,55;30,5;3;2;0;20;24; $ -   ; $ -   ; $ -   ;SI;300;249
AMB;CAF 339;PITAL;TURBACO;BOLIVAR;22;25,72;61,25;12,15;26,61;12,78;2;1;0;12;5,75; $ 1.038.160 ; $ 47.026 ; $ 40.364 ;NO;200;178
AMB;CAF 340;CENTRO MAGDALENA MEDIO;CARTAGENA;BOLIVAR;0;12,39;60,61;NA;26,37;12,39;1;1;0;NA;23; $ 921.345 ; $ -   ; $ 74.362 ;NO;100;100
AMB;CAF 341;PIEDEMONTE;LIBANO;TOLIMA;3;54,51;62,25;12,34;27,00;31,84;2;1;1;6;24; $ 1.945.516 ; $ 571.039 ; $ 35.691 ;NO;200;197
AMB;CAF 342;SAN REMO;VALLEDUPAR;CESAR;0;72,02;58,57;23,4;25,55;46;3;1;0;14;22; $ 1.145.950 ; $ -   ; $ 15.912 ;NO;300;300
AMB;CAF 343;SAF CANAVERAL;PALENQUITO;BOLIVAR;15;24;61,10;7,8;26,55;13;1;1;0;4;23; $ -   ; $ -   ; $ -   ;SI;100;85
AMB;CAF 344;CIUDAD AMURALLADA;TIQUISIO NUEVO;BOLIVAR;10;24;57,95;8,1;25,30;13,2;1;1;0;4;5,5; $ 1.589.904 ; $ 164.671 ; $ 66.246 ;NO;100;90
AMB;CAF 345;LIBANO;CANTAGALLO;SANTANDER;0;23;56,96;;24,91;;;1;;;21; $ 1.359.793 ; $ 3.508.266 ; $ 59.121 ;NO;0;0
AMB;CAF 346;AUSTIN;PUERTO WILCHES;SANTANDER;2;21,15;57,19;6,16;25,00;8,4;2;1;0;3;22; $ 887.137 ; $ 433.487 ; $ 41.945 ;NO;200;198
AMB;CAF 347;PALENQUITO;FUNZA;CUNDINAMARCA;2;84,46;57,73;NA;25,55;84,46;4;1;0;NA;22; $ 3.542.675 ; $ 2.222.517 ; $ 41.945 ;NO;400;398
AMB;CAF 348;SAF TIQUISIO NUEVO;CASABE;SANTANDER;0;19,09;55,81;NA;24,46;19,09;1;1;0;0;21; $ -   ; $ -   ; $ -   ;SI;100;100
AMB;CAF 349;CANTAGALLO;FRESNO;TOLIMA;0;77,26;54,89;22,54;24,09;40,1;2;1;2;16;21; $ 2.757.487 ; $ -   ; $ 35.691 ;NO;200;200
AMB;CAF 350;PUERTO WILCHES;SOLEDAD;ATLANTICO;256;169;116,49;67;48,45;84;3;3;2;52;11,5; $ 751.287 ; $ 2.934 ; $ 4.445 ;NO;300;44
AMB;CAF 351;DOMI CRONICOS;BARRANQUILLA;ATLANTICO;0;120;176,38;35,1;72,14;61,6;7;5;0;18;70; $ 6.182.400 ; $ -   ; $ 51.520 ;NO;700;700
AMB;CAF 352;CASABE;BOGOTA;CUNDINAMARCA;0;86,2;200,31;31,63;81,60;53,64;3;6;0;24;80; $ 5.550.504 ; $ -   ; $ 64.391 ;NO;300;300
AMB;CAF 353;FRESNO;BOGOTA;CUNDINAMARCA;0;130,38;188,35;58,01;76,87;52,96;5;5;0;54;75; $ 2.205.000 ; $ -   ; $ 16.912 ;NO;500;500
AMB;CAF 354;SAF SANTA MARIA;BARRANQUILLA;ATLANTICO;0;214,18;219,51;83,7;87,61;100,84;9;6;0;51;86; $ -   ; $ -   ; $ -   ;SI;900;900
AMB;CAF 355;CAYENA ESPECIALIZADO MAC;BOGOTA;CUNDINAMARCA;0;259;242,47;105;106,26;129;11;8;2;99;105; $ 16.677.269 ; $ -   ; $ 64.391 ;NO;1100;1100
AMB;CAF 356;CENTRO MAYOR;BOGOTA;CUNDINAMARCA;0;92,53;65,47;35,06;28,28;45,02;5;1;0;30;25; $ 5.958.099 ; $ -   ; $ 64.391 ;NO;500;500
